stream_step,mean_history_bank_size,lambda_text,std_lambda_text,lambda_history,std_lambda_history,lambda_reference,std_lambda_reference
0,0.0,0.4685,0.0000,0.0630,0.0000,0.4685,0.0000
5,2.6,0.4650,0.0020,0.0700,0.0040,0.4650,0.0020
10,5.5,0.4615,0.0035,0.0770,0.0070,0.4615,0.0035
15,8.1,0.4565,0.0050,0.0870,0.0100,0.4565,0.0050
20,11.0,0.4510,0.0065,0.0980,0.0130,0.4510,0.0065
25,13.7,0.4455,0.0080,0.1090,0.0160,0.4455,0.0080
30,16.6,0.4395,0.0095,0.1210,0.0190,0.4395,0.0095
35,19.3,0.4325,0.0110,0.1350,0.0220,0.4325,0.0110
40,22.1,0.4245,0.0120,0.1510,0.0240,0.4245,0.0120
45,24.9,0.4155,0.0125,0.1690,0.0250,0.4155,0.0125
50,27.8,0.4060,0.0130,0.1880,0.0260,0.4060,0.0130
55,30.6,0.3965,0.0130,0.2070,0.0260,0.3965,0.0130
60,33.4,0.3865,0.0125,0.2270,0.0250,0.3865,0.0125
65,36.1,0.3770,0.0120,0.2460,0.0240,0.3770,0.0120
70,38.9,0.3675,0.0110,0.2650,0.0220,0.3675,0.0110
75,41.7,0.3585,0.0105,0.2830,0.0210,0.3585,0.0105
80,44.3,0.3500,0.0090,0.3000,0.0180,0.3500,0.0090
85,46.8,0.3430,0.0070,0.3140,0.0140,0.3430,0.0070
90,48.6,0.3375,0.0050,0.3250,0.0100,0.3375,0.0050
95,49.6,0.3345,0.0030,0.3310,0.0060,0.3345,0.0030
100,50.0,0.3335,0.0015,0.3330,0.0030,0.3335,0.0015
