setting,dspcbsd_i_auc,dspcbsd_p_ap,dspcbsd_pro,tdd_i_auc,tdd_p_ap,tdd_pro,visa_i_auc,visa_p_ap,visa_pro
anchor_k4,90.9,43.5,90.5,91.0,45.8,90.5,91.7,44.5,90.8
anchor_k8_default,91.9,44.4,91.8,91.9,46.8,91.6,92.6,45.4,92.1
anchor_k12,91.8,44.2,91.6,91.8,46.6,91.4,92.4,45.1,91.8
prompt_j2,91.2,43.7,90.8,91.2,46.0,90.8,91.8,44.7,91.1
prompt_j4_default,91.9,44.4,91.8,91.9,46.8,91.6,92.6,45.4,92.1
prompt_j6,91.8,44.3,91.7,91.8,46.7,91.5,92.4,45.2,91.9
history_25,91.0,43.3,90.4,90.7,45.3,89.9,91.6,44.3,90.9
history_50_default,91.9,44.4,91.8,91.9,46.8,91.6,92.6,45.4,92.1
history_100,92.0,44.5,91.9,92.0,46.9,91.7,92.6,45.4,92.1
support_k1,90.8,43.2,90.2,90.9,45.5,90.2,90.7,43.0,89.9
support_k2,91.4,43.8,91.1,91.5,46.1,90.9,91.6,44.2,91.0
support_k4_default,91.9,44.4,91.8,91.9,46.8,91.6,92.6,45.4,92.1
support_k8,92.1,44.7,92.0,92.2,47.1,91.9,92.9,45.9,92.4
